date_time,minute,open,high,low,close,volume
2002.12.01,00:00,0.99440,1.01320,0.98590,1.00990,29043
2002.12.08,00:00,1.01000,1.02620,1.00580,1.02390,29129
2002.12.15,00:00,1.02340,1.03370,1.01930,1.02690,29624
2002.12.22,00:00,1.02720,1.04460,1.02150,1.04400,22606
2002.12.29,00:00,1.04190,1.05070,1.03340,1.04250,20764
2003.01.05,00:00,1.04190,1.05880,1.03590,1.05810,29106
2003.01.12,00:00,1.05780,1.06830,1.05020,1.06690,28529
2003.01.19,00:00,1.06570,1.08570,1.06310,1.08270,29875
2003.01.26,00:00,1.08380,1.09100,1.07220,1.07700,25477
2003.02.02,00:00,1.07910,1.09400,1.06910,1.08190,27461
2003.02.09,00:00,1.08190,1.08630,1.06640,1.07910,36382
2003.02.16,00:00,1.07740,1.08510,1.06640,1.07750,48492
2003.02.23,00:00,1.07220,1.08380,1.07050,1.08080,41486
2003.03.02,00:00,1.07830,1.10710,1.07660,1.10080,47432
2003.03.09,00:00,1.10060,1.10870,1.06870,1.07470,44719
2003.03.16,00:00,1.07850,1.08470,1.04990,1.05280,49170
2003.03.23,00:00,1.05870,1.08040,1.05640,1.07850,39127
2003.03.30,00:00,1.07970,1.09630,1.06800,1.07300,42987
2003.04.06,00:00,1.06710,1.08340,1.05580,1.07490,40035
2003.04.13,00:00,1.07430,1.09800,1.07160,1.08750,40623
2003.04.20,00:00,1.08970,1.10540,1.08200,1.10330,48314
2003.04.27,00:00,1.10380,1.12890,1.09310,1.12310,55426
2003.05.04,00:00,1.12270,1.15410,1.12030,1.14900,55916
2003.05.11,00:00,1.15320,1.16270,1.13690,1.15960,60353
2003.05.18,00:00,1.16730,1.18440,1.16030,1.18410,62009
2003.05.25,00:00,1.18310,1.19380,1.16900,1.17740,60490
2003.06.01,00:00,1.17190,1.18920,1.16310,1.17000,65425
2003.06.08,00:00,1.17090,1.18820,1.16550,1.18690,60637
2003.06.15,00:00,1.18770,1.19340,1.15490,1.16080,62887
2003.06.22,00:00,1.15800,1.16270,1.13970,1.14290,57471
2003.06.29,00:00,1.14310,1.16120,1.14000,1.14940,47707
2003.07.06,00:00,1.14810,1.14890,1.12560,1.12880,57072
2003.07.13,00:00,1.12880,1.13410,1.11090,1.12690,58556
2003.07.20,00:00,1.12500,1.15540,1.12420,1.15070,54669
2003.07.27,00:00,1.14970,1.15420,1.11340,1.12770,56052
2003.08.03,00:00,1.12840,1.14290,1.12590,1.13090,53475
2003.08.10,00:00,1.13060,1.13850,1.12170,1.12680,138223
2003.08.17,00:00,1.12670,1.12730,1.08330,1.08780,143927
2003.08.24,00:00,1.08700,1.10020,1.07860,1.09830,119912
2003.08.31,00:00,1.09870,1.11150,1.07620,1.11080,35396
2003.09.07,00:00,1.11090,1.13300,1.10460,1.12910,31933
2003.09.14,00:00,1.12620,1.13950,1.11390,1.13930,36587
2003.09.21,00:00,1.14500,1.15380,1.13720,1.14790,46550
2003.09.28,00:00,1.14600,1.17710,1.13960,1.15790,58751
2003.10.05,00:00,1.15760,1.18620,1.15310,1.18060,59774
2003.10.12,00:00,1.18100,1.18180,1.15440,1.16820,66057
2003.10.19,00:00,1.17040,1.18590,1.16010,1.17850,55704
2003.10.26,00:00,1.17690,1.17860,1.15640,1.15860,53065
2003.11.02,00:00,1.15790,1.16210,1.13750,1.15230,54096
2003.11.09,00:00,1.15020,1.18060,1.14430,1.17850,50945
2003.11.16,00:00,1.18120,1.19800,1.17250,1.19260,59638
2003.11.23,00:00,1.19120,1.20180,1.17520,1.19990,46800
2003.11.30,00:00,1.19890,1.21790,1.19360,1.21690,49716
2003.12.07,00:00,1.21670,1.23080,1.21120,1.22760,52717
2003.12.14,00:00,1.21330,1.24400,1.21310,1.23730,50440
2003.12.21,00:00,1.23830,1.24740,1.23480,1.24310,22512
2003.12.28,00:00,1.24340,1.26500,1.23000,1.25850,29458
2004.01.04,00:00,1.26090,1.28700,1.25590,1.28430,59960
2004.01.11,00:00,1.28440,1.29000,1.23490,1.23940,65911
2004.01.18,00:00,1.23830,1.27780,1.23340,1.25800,62504
2004.01.25,00:00,1.25800,1.26660,1.23490,1.24770,73147
2004.02.01,00:00,1.24800,1.27270,1.23890,1.27060,59056
2004.02.08,00:00,1.26180,1.28960,1.26050,1.27360,60720
2004.02.15,00:00,1.27280,1.29300,1.24920,1.25390,64295
2004.02.22,00:00,1.25230,1.27150,1.23700,1.24940,66430
2004.02.29,00:00,1.24810,1.25440,1.20560,1.23650,69597
2004.03.07,00:00,1.23650,1.24600,1.21610,1.22140,77504
2004.03.14,00:00,1.22110,1.24390,1.21750,1.22970,70330
2004.03.21,00:00,1.22760,1.24040,1.20700,1.21320,68597
2004.03.28,00:00,1.21150,1.23920,1.20460,1.21360,66030
2004.04.04,00:00,1.21100,1.22220,1.19800,1.20920,55584
2004.04.11,00:00,1.20860,1.21010,1.18670,1.19920,61932
2004.04.18,00:00,1.20170,1.20810,1.17780,1.18450,65920
2004.04.25,00:00,1.18020,1.20150,1.17590,1.19800,66385
2004.05.02,00:00,1.19920,1.21810,1.18750,1.18810,56863
2004.05.09,00:00,1.18800,1.19440,1.17710,1.18870,64507
2004.05.16,00:00,1.18910,1.20740,1.18750,1.19780,68945
2004.05.23,00:00,1.19970,1.22990,1.19320,1.22230,62332
2004.05.30,00:00,1.22390,1.23080,1.21360,1.22830,58860
2004.06.06,00:00,1.22980,1.23550,1.19650,1.20050,57733
2004.06.13,00:00,1.19740,1.21710,1.19530,1.21390,65532
2004.06.20,00:00,1.21450,1.21950,1.20370,1.21780,55053
2004.06.27,00:00,1.21790,1.23290,1.20650,1.23150,64013
2004.07.04,00:00,1.23290,1.24250,1.22640,1.24140,56068
2004.07.11,00:00,1.24120,1.24610,1.22990,1.24540,58562
2004.07.18,00:00,1.24470,1.24640,1.20860,1.20930,60731
2004.07.25,00:00,1.20970,1.21910,1.19890,1.20230,70745
2004.08.01,00:00,1.20670,1.22920,1.19680,1.22800,63703
2004.08.08,00:00,1.22830,1.23770,1.21750,1.23740,56066
2004.08.15,00:00,1.23760,1.23900,1.22770,1.23210,56441
2004.08.22,00:00,1.23120,1.23190,1.20030,1.20120,59576
2004.08.29,00:00,1.20120,1.22220,1.19860,1.20580,34497
2004.09.05,00:00,1.20620,1.23130,1.20250,1.22600,34471
2004.09.12,00:00,1.22710,1.22980,1.21190,1.21880,37773
2004.09.19,00:00,1.21740,1.23650,1.21230,1.22740,38886
2004.09.26,00:00,1.22840,1.24460,1.22470,1.24150,37884
2004.10.03,00:00,1.23960,1.24360,1.22460,1.24100,33376
2004.10.10,00:00,1.24180,1.25100,1.22220,1.24690,30766
2004.10.17,00:00,1.24760,1.26870,1.24510,1.26830,34620
2004.10.24,00:00,1.27190,1.28430,1.26300,1.27960,41970
2004.10.31,00:00,1.28160,1.29740,1.26540,1.29630,40209
2004.11.07,00:00,1.29670,1.30070,1.28470,1.29730,42022
2004.11.14,00:00,1.29720,1.30760,1.29140,1.30260,43514
2004.11.21,00:00,1.30390,1.33320,1.29760,1.32960,45380
2004.11.28,00:00,1.32810,1.34630,1.32260,1.34520,64189
2004.12.05,00:00,1.34430,1.34710,1.31380,1.32240,67120
2004.12.12,00:00,1.31960,1.34450,1.31940,1.33070,73076
2004.12.19,00:00,1.33330,1.35470,1.32960,1.35310,46996
2004.12.26,00:00,1.35260,1.36680,1.35120,1.35580,36247
2005.01.02,00:00,1.35610,1.35840,1.30240,1.30540,72639
2005.01.09,00:00,1.30560,1.32930,1.30520,1.31110,50943
2005.01.16,00:00,1.31070,1.31270,1.29170,1.30400,42281
2005.01.23,00:00,1.30420,1.31240,1.29410,1.30370,40312
2005.01.30,00:00,1.30120,1.30940,1.28640,1.28670,36107
2005.02.06,00:00,1.28540,1.29060,1.27300,1.28650,31391
2005.02.13,00:00,1.28800,1.30880,1.28750,1.30730,32040
2005.02.20,00:00,1.30540,1.32750,1.30280,1.32440,33128
2005.02.27,00:00,1.32370,1.32800,1.30890,1.32370,33659
2005.03.06,00:00,1.32370,1.34820,1.31750,1.34570,57838
2005.03.13,00:00,1.34630,1.34790,1.32630,1.33260,42391
2005.03.20,00:00,1.33090,1.33180,1.29250,1.29580,39153
2005.03.27,00:00,1.29600,1.30620,1.28540,1.29080,47252
2005.04.03,00:00,1.28850,1.29410,1.27990,1.29320,46364
2005.04.10,00:00,1.29290,1.30180,1.27640,1.29190,39027
2005.04.17,00:00,1.29170,1.31260,1.28750,1.30620,37832
2005.04.24,00:00,1.30570,1.30610,1.28520,1.28720,30294
2005.05.01,00:00,1.28600,1.29890,1.28090,1.28180,25976
2005.05.08,00:00,1.28160,1.29150,1.26080,1.26330,28264
2005.05.15,00:00,1.26240,1.26910,1.25340,1.25590,26573
2005.05.22,00:00,1.25420,1.26290,1.24920,1.25860,24454
2005.05.29,00:00,1.25350,1.25470,1.21560,1.22340,31802
2005.06.05,00:00,1.22270,1.23550,1.21060,1.21210,27796
2005.06.12,00:00,1.21100,1.22910,1.20160,1.22870,34401
2005.06.19,00:00,1.21920,1.22400,1.19830,1.20910,32701
2005.06.26,00:00,1.21000,1.21860,1.19380,1.19580,32608
2005.07.03,00:00,1.19300,1.20430,1.18650,1.19660,32417
2005.07.10,00:00,1.19650,1.22570,1.19560,1.20350,33976
2005.07.17,00:00,1.20240,1.22550,1.19520,1.20650,35411
2005.07.24,00:00,1.20540,1.21610,1.19640,1.21230,31831
2005.07.31,00:00,1.21230,1.24040,1.21180,1.23580,35451
2005.08.07,00:00,1.23380,1.24840,1.23140,1.24400,31941
2005.08.14,00:00,1.24540,1.24550,1.21230,1.21510,27960
2005.08.21,00:00,1.21660,1.23390,1.21540,1.22870,26940
2005.08.28,00:00,1.22790,1.25870,1.21690,1.25290,33073
2005.09.04,00:00,1.25350,1.25830,1.23750,1.24070,31560
2005.09.11,00:00,1.24030,1.24140,1.21910,1.22350,33496
2005.09.18,00:00,1.21590,1.22690,1.20370,1.20370,30560
2005.09.25,00:00,1.20240,1.20890,1.19760,1.20250,30435
2005.10.02,00:00,1.20180,1.22010,1.18990,1.21270,32477
2005.10.09,00:00,1.21170,1.21510,1.19120,1.20720,28392
2005.10.16,00:00,1.20760,1.21190,1.18730,1.19520,33488
2005.10.23,00:00,1.19420,1.21710,1.19210,1.20680,31554
2005.10.30,00:00,1.20580,1.20880,1.18010,1.18110,30652
2005.11.06,00:00,1.18020,1.18310,1.16690,1.17320,30761
2005.11.13,00:00,1.17180,1.17930,1.16400,1.17730,75673
2005.11.20,00:00,1.17770,1.18590,1.16840,1.17220,87836
2005.11.27,00:00,1.17230,1.18970,1.16600,1.17160,122972
2005.12.04,00:00,1.17020,1.18490,1.16870,1.18100,57730
2005.12.11,00:00,1.18110,1.20580,1.17830,1.20110,68805
2005.12.18,00:00,1.20120,1.20370,1.18000,1.18640,60352
2005.12.25,00:00,1.18660,1.19290,1.17760,1.18480,53938
2006.01.01,00:00,1.18440,1.21780,1.18010,1.21500,47519
2006.01.08,00:00,1.21430,1.21610,1.20060,1.21400,61755
2006.01.15,00:00,1.21410,1.21740,1.20400,1.21350,60269
2006.01.22,00:00,1.21330,1.23210,1.20850,1.20920,66706
2006.01.29,00:00,1.21040,1.21880,1.19680,1.20250,40059
2006.02.05,00:00,1.20230,1.20450,1.18910,1.19040,39821
2006.02.12,00:00,1.19050,1.19520,1.18480,1.19390,39683
2006.02.19,00:00,1.19260,1.19740,1.18610,1.18750,38965
2006.02.26,00:00,1.18630,1.20510,1.18250,1.20440,42426
2006.03.05,00:00,1.20480,1.20920,1.18590,1.19070,42268
2006.03.12,00:00,1.19130,1.22060,1.19120,1.21890,51092
2006.03.19,00:00,1.21770,1.21960,1.19510,1.20350,45536
2006.03.26,00:00,1.20300,1.21750,1.19790,1.21180,39363
2006.04.02,00:00,1.21190,1.23310,1.20330,1.20900,44185
2006.04.09,00:00,1.21060,1.21670,1.20650,1.21100,34089
2006.04.16,00:00,1.21210,1.23930,1.21190,1.23400,41914
2006.04.23,00:00,1.23710,1.26390,1.23310,1.26340,46868
2006.04.30,00:00,1.26260,1.27630,1.25530,1.27260,49525
2006.05.07,00:00,1.27430,1.29560,1.26610,1.29260,76142
2006.05.14,00:00,1.29450,1.29710,1.26940,1.27770,75409
2006.05.21,00:00,1.27610,1.28900,1.26930,1.27370,62728
2006.05.28,00:00,1.27250,1.29390,1.27180,1.29170,56826
2006.06.04,00:00,1.29240,1.29780,1.25960,1.26380,61952
2006.06.11,00:00,1.26130,1.26710,1.25300,1.26410,57533
2006.06.18,00:00,1.26470,1.26780,1.24780,1.25060,53580
2006.06.25,00:00,1.25070,1.27940,1.25010,1.27900,54452
2006.07.02,00:00,1.27860,1.28610,1.27060,1.28100,56006
2006.07.09,00:00,1.28130,1.28160,1.26250,1.26520,55311
2006.07.16,00:00,1.26370,1.26960,1.24580,1.26930,57705
2006.07.23,00:00,1.27030,1.27700,1.25590,1.27600,50676
2006.07.30,00:00,1.27580,1.29080,1.27190,1.28730,63095
2006.08.06,00:00,1.28830,1.29110,1.27150,1.27200,62840
2006.08.13,00:00,1.27130,1.28860,1.26950,1.28240,55894
2006.08.20,00:00,1.28270,1.29370,1.27250,1.27510,60755
2006.08.27,00:00,1.27570,1.28780,1.27500,1.28350,56564
2006.09.03,00:00,1.28450,1.28740,1.26510,1.26740,52766
2006.09.10,00:00,1.26670,1.27520,1.26300,1.26630,53355
2006.09.17,00:00,1.26330,1.28300,1.26300,1.27830,52586
2006.09.24,00:00,1.27890,1.28190,1.26390,1.26730,52164
2006.10.01,00:00,1.26820,1.27660,1.25740,1.25990,43321
2006.10.08,00:00,1.25880,1.26120,1.24830,1.25120,29952
2006.10.15,00:00,1.25010,1.26410,1.24880,1.26160,30344
2006.10.22,00:00,1.26150,1.27490,1.25240,1.27400,31806
2006.10.29,00:00,1.27300,1.27970,1.26770,1.27160,32296
2006.11.05,00:00,1.27170,1.28990,1.26890,1.28400,33323
2006.11.12,00:00,1.28510,1.28780,1.27610,1.28280,39298
2006.11.19,00:00,1.28250,1.31090,1.27970,1.30930,33980
2006.11.26,00:00,1.31560,1.33470,1.30850,1.33360,46147
2006.12.03,00:00,1.33620,1.33640,1.31890,1.32020,43868
2006.12.10,00:00,1.31820,1.32910,1.30590,1.30790,45018
2006.12.17,00:00,1.30820,1.32440,1.30510,1.31280,39120
2006.12.24,00:00,1.31380,1.32050,1.30870,1.31980,39274
2006.12.31,00:00,1.31890,1.32960,1.29800,1.30010,36471
2007.01.07,00:00,1.30100,1.30510,1.28650,1.29220,40978
2007.01.14,00:00,1.29270,1.29990,1.28950,1.29600,38714
2007.01.21,00:00,1.29560,1.30420,1.28760,1.29140,41264
2007.01.28,00:00,1.29210,1.30620,1.28960,1.29590,32140
2007.02.04,00:00,1.29550,1.30450,1.29110,1.30060,27977
2007.02.11,00:00,1.30150,1.31710,1.29390,1.31360,30949
2007.02.18,00:00,1.31540,1.31870,1.30790,1.31670,26247
2007.02.25,00:00,1.31890,1.32580,1.31410,1.31900,36308
2007.03.04,00:00,1.32090,1.32100,1.30700,1.31160,35215
2007.03.11,00:00,1.31170,1.33380,1.31090,1.33160,32884
2007.03.18,00:00,1.33180,1.34100,1.32680,1.32820,30988
2007.03.25,00:00,1.32880,1.33990,1.32530,1.33540,33342
2007.04.01,00:00,1.33750,1.34390,1.33180,1.33780,22669
2007.04.08,00:00,1.33750,1.35520,1.33390,1.35270,25526
2007.04.15,00:00,1.35660,1.36360,1.35250,1.35900,29325
2007.04.22,00:00,1.36040,1.36810,1.35410,1.36510,29684
2007.04.29,00:00,1.36360,1.36780,1.35350,1.35910,27709
2007.05.06,00:00,1.35980,1.36270,1.34610,1.35240,25070
2007.05.13,00:00,1.35310,1.36090,1.34640,1.35070,24889
2007.05.20,00:00,1.35170,1.35250,1.34110,1.34420,23520
2007.05.27,00:00,1.34470,1.35190,1.33920,1.34480,22280
2007.06.03,00:00,1.34400,1.35530,1.33200,1.33720,24607
2007.06.10,00:00,1.33620,1.33880,1.32620,1.33880,24481
2007.06.17,00:00,1.33880,1.34700,1.33710,1.34690,22353
2007.06.24,00:00,1.34670,1.35410,1.34150,1.35400,24438
2007.07.01,00:00,1.35430,1.36590,1.35270,1.36250,24086
2007.07.08,00:00,1.36320,1.38120,1.35940,1.37820,28637
2007.07.15,00:00,1.37800,1.38420,1.37520,1.38260,27806
2007.07.22,00:00,1.38300,1.38510,1.36260,1.36350,37373
2007.07.29,00:00,1.36120,1.38170,1.36090,1.37730,39257
2007.08.05,00:00,1.38380,1.38380,1.36430,1.36930,36722
2007.08.12,00:00,1.36850,1.37080,1.33600,1.34740,53316
2007.08.19,00:00,1.34770,1.36810,1.34500,1.36750,36891
2007.08.26,00:00,1.36720,1.37190,1.35620,1.36280,34082
2007.09.02,00:00,1.36290,1.37970,1.35500,1.37670,28333
2007.09.09,00:00,1.37810,1.39260,1.37660,1.38740,34832
2007.09.16,00:00,1.38720,1.41190,1.38280,1.40900,39060
2007.09.23,00:00,1.40890,1.42780,1.40600,1.42660,34941
2007.09.30,00:00,1.42770,1.42810,1.40310,1.41340,33149
2007.10.07,00:00,1.41500,1.42400,1.40170,1.41770,31573
2007.10.14,00:00,1.41760,1.43170,1.41430,1.43000,35727
2007.10.21,00:00,1.43340,1.43930,1.41250,1.43920,43321
2007.10.28,00:00,1.44120,1.45270,1.43730,1.45040,42005
2007.11.04,00:00,1.45180,1.47510,1.44420,1.46790,50860
2007.11.11,00:00,1.46770,1.47280,1.45190,1.46610,53702
2007.11.18,00:00,1.46670,1.49660,1.46200,1.48360,45396
2007.11.25,00:00,1.48260,1.49050,1.46270,1.46380,48644
2007.12.02,00:00,1.46490,1.47690,1.45270,1.46570,45855
2007.12.09,00:00,1.46540,1.47500,1.44100,1.44290,45112
2007.12.16,00:00,1.44050,1.44530,1.43090,1.43810,42957
2007.12.23,00:00,1.43730,1.47280,1.43700,1.47210,20114
2007.12.30,00:00,1.47220,1.48230,1.45810,1.47400,29663
2008.01.06,00:00,1.47460,1.48190,1.46380,1.47760,47698
2008.01.13,00:00,1.48070,1.49210,1.45890,1.46200,58956
2008.01.20,00:00,1.45970,1.47780,1.43650,1.46810,82448
2008.01.27,00:00,1.46910,1.49490,1.46610,1.48010,58782
2008.02.03,00:00,1.47960,1.48470,1.44380,1.45040,57832
2008.02.10,00:00,1.45240,1.47070,1.44810,1.46810,49351
2008.02.17,00:00,1.46720,1.48610,1.46100,1.48280,52454
2008.02.24,00:00,1.48340,1.52380,1.47780,1.51780,64503
2008.03.02,00:00,1.52050,1.54620,1.51450,1.53540,65620
2008.03.09,00:00,1.53990,1.56870,1.52810,1.56730,72911
2008.03.16,00:00,1.57040,1.59020,1.53960,1.54320,96149
2008.03.23,00:00,1.54120,1.58590,1.53430,1.57940,66282
2008.03.30,00:00,1.58040,1.58960,1.55100,1.57370,73008
2008.04.06,00:00,1.57290,1.59130,1.56260,1.58070,64726
2008.04.13,00:00,1.57040,1.59830,1.56710,1.58160,71719
2008.04.20,00:00,1.58130,1.60180,1.55540,1.56290,78785
2008.04.27,00:00,1.56150,1.56930,1.53600,1.54230,71470
2008.05.04,00:00,1.54290,1.55940,1.52840,1.54800,59033
2008.05.11,00:00,1.54560,1.56010,1.53650,1.55760,64206
2008.05.18,00:00,1.55950,1.58130,1.54870,1.57610,55460
2008.05.25,00:00,1.57650,1.58180,1.54620,1.55540,52209
2008.06.01,00:00,1.55610,1.57770,1.53650,1.57770,66376
2008.06.08,00:00,1.57910,1.58430,1.53020,1.53790,74342
2008.06.15,00:00,1.54040,1.56510,1.53460,1.56060,57207
2008.06.22,00:00,1.56270,1.57910,1.54680,1.57910,57962
2008.06.29,00:00,1.57760,1.59080,1.56550,1.57060,57468
2008.07.06,00:00,1.56910,1.59420,1.56110,1.59380,62098
2008.07.13,00:00,1.59610,1.60380,1.57830,1.58470,69390
2008.07.20,00:00,1.58430,1.59440,1.56280,1.57100,61272
2008.07.27,00:00,1.56970,1.57680,1.55160,1.55400,51066
2008.08.03,00:00,1.55660,1.56310,1.49970,1.50170,63650
2008.08.10,00:00,1.49550,1.50830,1.46600,1.46750,79469
2008.08.17,00:00,1.46970,1.49080,1.46300,1.47730,53268
2008.08.24,00:00,1.47850,1.48110,1.45710,1.46700,65969
2008.08.31,00:00,1.46980,1.47080,1.41970,1.42340,81209
2008.09.07,00:00,1.43460,1.44280,1.38810,1.42150,102168
2008.09.14,00:00,1.43040,1.45420,1.40710,1.44760,162402
2008.09.21,00:00,1.44510,1.48670,1.44480,1.46120,102422
2008.09.28,00:00,1.45460,1.45690,1.37020,1.38030,131689
2008.10.05,00:00,1.36510,1.37850,1.32580,1.34120,181212
2008.10.12,00:00,1.36160,1.37670,1.33450,1.34040,148087
2008.10.19,00:00,1.34020,1.35290,1.24970,1.25890,156745
2008.10.26,00:00,1.25750,1.32860,1.23300,1.27420,179990
2008.11.02,00:00,1.27620,1.31130,1.25260,1.27630,161635
2008.11.09,00:00,1.28230,1.29270,1.23890,1.26900,172945
2008.11.16,00:00,1.25220,1.28130,1.24250,1.25770,149806
2008.11.23,00:00,1.26430,1.30800,1.25630,1.27000,117981
2008.11.30,00:00,1.26670,1.28470,1.25520,1.27170,73792
2008.12.07,00:00,1.27290,1.34140,1.27280,1.33730,68979
2008.12.14,00:00,1.34410,1.47190,1.34300,1.39220,127118
2008.12.21,00:00,1.39780,1.41240,1.39030,1.40580,61364
2008.12.28,00:00,1.41020,1.43610,1.38380,1.38510,50179
2009.01.04,00:00,1.39570,1.39620,1.33130,1.34300,103302
2009.01.11,00:00,1.34170,1.34440,1.30260,1.32890,146918
2009.01.18,00:00,1.33580,1.33810,1.27650,1.29850,146719
2009.01.25,00:00,1.28960,1.33280,1.27770,1.28040,150183
2009.02.01,00:00,1.27480,1.30690,1.27060,1.29250,135833
2009.02.08,00:00,1.29570,1.30930,1.28090,1.28870,85733
2009.02.15,00:00,1.27870,1.28830,1.25130,1.28360,107346
2009.02.22,00:00,1.27880,1.29900,1.26040,1.26750,96597
2009.03.01,00:00,1.25920,1.27530,1.24560,1.26350,96248
2009.03.08,00:00,1.26760,1.29570,1.25550,1.29130,101608
2009.03.15,00:00,1.28460,1.37450,1.28460,1.35650,102411
2009.03.22,00:00,1.36550,1.37360,1.34180,1.35330,71656
2009.03.29,00:00,1.32660,1.35170,1.31120,1.34860,68429
2009.04.05,00:00,1.35250,1.35800,1.30900,1.31730,65878
2009.04.12,00:00,1.31780,1.33920,1.30170,1.30240,67125
2009.04.19,00:00,1.30460,1.33000,1.28820,1.32410,75376
2009.04.26,00:00,1.32220,1.33850,1.29630,1.32630,75558
2009.05.03,00:00,1.32800,1.36320,1.32110,1.36250,79859
2009.05.10,00:00,1.36220,1.37210,1.34590,1.34890,82861
2009.05.17,00:00,1.34780,1.40550,1.34280,1.40010,84104
2009.05.24,00:00,1.40210,1.41680,1.37930,1.41360,83421
2009.05.31,00:00,1.41180,1.43380,1.39330,1.39660,105888
2009.06.07,00:00,1.39380,1.41710,1.38030,1.39980,99254
2009.06.14,00:00,1.39840,1.40110,1.37480,1.39440,90663
2009.06.21,00:00,1.39080,1.41370,1.38260,1.40790,54076
2009.06.28,00:00,1.40600,1.41990,1.39280,1.39750,46842
2009.07.05,00:00,1.39600,1.40710,1.38320,1.39360,59023
2009.07.12,00:00,1.39720,1.41640,1.38970,1.41000,60897
2009.07.19,00:00,1.41350,1.42900,1.41190,1.42010,56314
2009.07.26,00:00,1.42240,1.43030,1.40070,1.42560,58944
2009.08.02,00:00,1.42660,1.44460,1.41540,1.41810,57721
2009.08.09,00:00,1.42140,1.43260,1.40860,1.42010,51855
2009.08.16,00:00,1.41850,1.43750,1.40450,1.43250,50465
2009.08.23,00:00,1.43310,1.44050,1.42060,1.43020,54666
2009.08.30,00:00,1.43090,1.43770,1.41770,1.42960,47954
2009.09.06,00:00,1.43050,1.46340,1.42990,1.45700,55806
2009.09.13,00:00,1.46050,1.47660,1.45150,1.47100,62613
2009.09.20,00:00,1.47060,1.48430,1.46110,1.46880,68273
2009.09.27,00:00,1.47030,1.47190,1.44810,1.45750,70720
2009.10.04,00:00,1.46120,1.48160,1.45800,1.47310,62373
2009.10.11,00:00,1.47220,1.49670,1.46760,1.49040,61553
2009.10.18,00:00,1.48820,1.50590,1.48270,1.50060,64610
2009.10.25,00:00,1.49940,1.50620,1.46820,1.47170,69309
2009.11.01,00:00,1.47060,1.49170,1.46260,1.48450,67047
2009.11.08,00:00,1.48820,1.50470,1.48210,1.49200,57892
2009.11.15,00:00,1.49180,1.50150,1.48010,1.48610,59528
2009.11.22,00:00,1.48570,1.51430,1.48270,1.49880,68432
2009.11.29,00:00,1.50130,1.51400,1.48210,1.48570,60011
2009.12.06,00:00,1.48550,1.49040,1.45850,1.46130,67575
2009.12.13,00:00,1.46250,1.46850,1.42610,1.43340,59657
2009.12.20,00:00,1.43080,1.44170,1.42170,1.43550,31629
2009.12.27,00:00,1.43880,1.44580,1.42720,1.43310,27387
2010.01.03,00:00,1.43010,1.44830,1.42570,1.44090,57484
2010.01.10,00:00,1.44280,1.45780,1.43360,1.43860,55217
2010.01.17,00:00,1.43560,1.44130,1.40280,1.41360,56175
2010.01.24,00:00,1.41570,1.41930,1.38610,1.38620,59471
2010.01.31,00:00,1.38630,1.40250,1.35840,1.36780,59235
2010.02.07,00:00,1.36570,1.38380,1.35310,1.36310,65549
2010.02.14,00:00,1.36250,1.37880,1.34430,1.36110,54436
2010.02.21,00:00,1.36370,1.36910,1.34500,1.36290,61755
2010.02.28,00:00,1.36240,1.37350,1.34340,1.36240,64605
2010.03.07,00:00,1.36310,1.37950,1.35370,1.37680,49907
2010.03.14,00:00,1.37630,1.38170,1.35020,1.35310,49003
2010.03.21,00:00,1.35370,1.35690,1.32670,1.34080,60069
2010.03.28,00:00,1.34720,1.35900,1.33840,1.34990,48927
2010.04.04,00:00,1.34970,1.35380,1.32820,1.34980,48123
2010.04.11,00:00,1.36560,1.36910,1.34720,1.35010,61858
2010.04.18,00:00,1.34690,1.35220,1.32010,1.33830,56563
2010.04.25,00:00,1.33470,1.34150,1.31140,1.32940,72516
2010.05.02,00:00,1.33570,1.33590,1.25210,1.27540,102208
2010.05.09,00:00,1.29190,1.30920,1.23530,1.23590,103264
2010.05.16,00:00,1.23410,1.26710,1.21430,1.25750,130054
2010.05.23,00:00,1.25370,1.25630,1.21530,1.22710,102978
2010.05.30,00:00,1.22680,1.23530,1.19550,1.19670,83758
2010.06.06,00:00,1.19270,1.21520,1.18760,1.21110,81927
2010.06.13,00:00,1.21290,1.24160,1.21150,1.23870,65084
2010.06.20,00:00,1.24490,1.24670,1.22080,1.23680,68105
2010.06.27,00:00,1.23720,1.26100,1.21510,1.25640,69076
2010.07.04,00:00,1.25630,1.27110,1.24790,1.26400,56979
2010.07.11,00:00,1.26370,1.30060,1.25220,1.29290,62297
2010.07.18,00:00,1.29050,1.30270,1.27320,1.29110,64091
2010.07.25,00:00,1.28900,1.31060,1.28760,1.30540,63547
2010.08.01,00:00,1.30630,1.33330,1.30530,1.32790,53781
2010.08.08,00:00,1.32930,1.33060,1.27500,1.27520,59739
2010.08.15,00:00,1.27630,1.29210,1.26630,1.27090,58240
2010.08.22,00:00,1.27050,1.27770,1.25870,1.27610,57996
2010.08.29,00:00,1.27600,1.28960,1.26250,1.28940,47832
2010.09.05,00:00,1.28890,1.29160,1.26430,1.26760,50169
2010.09.12,00:00,1.27150,1.31580,1.27030,1.30490,57700
2010.09.19,00:00,1.30600,1.34940,1.30290,1.34780,57746
2010.09.26,00:00,1.34770,1.38050,1.33800,1.37750,62020
2010.10.03,00:00,1.37740,1.40280,1.36360,1.39950,64461
2010.10.10,00:00,1.39940,1.41570,1.37740,1.39510,62077
2010.10.17,00:00,1.39500,1.40500,1.36970,1.39620,82150
2010.10.24,00:00,1.39610,1.40790,1.37330,1.39720,71813
2010.10.31,00:00,1.39710,1.42810,1.38630,1.40730,72329
2010.11.07,00:00,1.36860,1.37070,1.36800,1.36880,406
2010.11.14,00:00,1.36890,1.37490,1.34470,1.37410,69989
2010.11.21,00:00,1.37420,1.37850,1.32000,1.32370,73877
2010.11.28,00:00,1.32380,1.34370,1.29680,1.34120,82580
2010.12.05,00:00,1.34130,1.34200,1.31640,1.31970,72737
2010.12.12,00:00,1.31980,1.34970,1.31320,1.31620,67304
2010.12.19,00:00,1.31630,1.32010,1.30550,1.30790,52558
2010.12.26,00:00,1.30780,1.34230,1.30780,1.33560,47848
2011.01.02,00:00,1.33570,1.34320,1.28730,1.28940,73298
2011.01.09,00:00,1.28950,1.34550,1.28730,1.33780,75827
2011.01.16,00:00,1.33790,1.36420,1.32440,1.36180,74892
2011.01.23,00:00,1.36190,1.37580,1.35400,1.35720,70633
2011.01.30,00:00,1.35730,1.38610,1.35430,1.35720,65625
2011.02.06,00:00,1.35730,1.37430,1.34970,1.35120,64345
2011.02.13,00:00,1.35130,1.37150,1.34280,1.37120,66664
2011.02.20,00:00,1.37110,1.38370,1.35250,1.37330,59840
2011.02.27,00:00,1.37340,1.40060,1.37110,1.39900,53771
2011.03.06,00:00,1.39890,1.40350,1.37520,1.39340,47840
2011.03.13,00:00,1.39330,1.41950,1.38550,1.41680,68765
2011.03.20,00:00,1.41670,1.42470,1.40200,1.40340,47613
2011.03.27,00:00,1.40330,1.42440,1.40260,1.42340,51318
2011.04.03,00:00,1.42330,1.44870,1.41520,1.44790,49685
2011.04.10,00:00,1.44800,1.45190,1.43650,1.43960,52832
2011.04.17,00:00,1.43970,1.46480,1.41570,1.45880,54209
2011.04.24,00:00,1.45890,1.48810,1.44930,1.48150,52551
2011.05.01,00:00,1.48160,1.49390,1.43090,1.43880,72393
2011.05.08,00:00,1.43870,1.44410,1.40620,1.40650,80070
2011.05.15,00:00,1.40660,1.43450,1.40470,1.41160,74340
2011.05.22,00:00,1.41150,1.43240,1.39690,1.42890,77896
2011.05.29,00:00,1.42900,1.46570,1.42560,1.46520,65390
2011.06.05,00:00,1.46530,1.46950,1.43200,1.43350,67439
2011.06.12,00:00,1.43340,1.44970,1.40730,1.42570,75831
2011.06.19,00:00,1.42580,1.44410,1.41260,1.41540,71782
2011.06.26,00:00,1.41530,1.45770,1.41020,1.45630,69941
2011.07.03,00:00,1.45640,1.45670,1.41970,1.42110,60077
2011.07.10,00:00,1.42120,1.42810,1.38370,1.41260,92764
2011.07.17,00:00,1.41250,1.44370,1.40130,1.43660,73383
2011.07.24,00:00,1.43650,1.45350,1.42290,1.43540,68410
2011.07.31,00:00,1.43550,1.44520,1.40550,1.43080,97293
2011.08.07,00:00,1.43070,1.44010,1.41020,1.42830,618300
2011.08.14,00:00,1.42820,1.45170,1.42580,1.43650,365272
2011.08.21,00:00,1.43660,1.45030,1.43270,1.44800,283187
2011.08.28,00:00,1.44790,1.45480,1.41350,1.41470,203839
2011.09.04,00:00,1.41480,1.42540,1.35540,1.35820,215906
2011.09.11,00:00,1.35830,1.39350,1.34940,1.36810,244379
2011.09.18,00:00,1.36820,1.37880,1.33840,1.35150,310209
2011.09.25,00:00,1.35160,1.36890,1.33310,1.33560,183148
2011.10.02,00:00,1.33570,1.35230,1.31450,1.33990,121204
2011.10.09,00:00,1.34000,1.38930,1.33920,1.38720,105561
2011.10.16,00:00,1.38730,1.39130,1.36530,1.38490,116657
2011.10.23,00:00,1.38480,1.42460,1.37970,1.41370,108406
2011.10.30,00:00,1.41380,1.41710,1.36350,1.37870,126680
2011.11.06,00:00,1.37880,1.38590,1.34830,1.37840,325897
2011.11.13,00:00,1.37830,1.37880,1.34200,1.35350,295122
2011.11.20,00:00,1.35360,1.35680,1.32120,1.33090,146911
2011.11.27,00:00,1.33080,1.35480,1.32580,1.34160,164321
2011.12.04,00:00,1.34170,1.34860,1.32810,1.33693,115166
2011.12.11,00:00,1.33692,1.33764,1.29442,1.30345,725329
2011.12.18,00:00,1.30346,1.31968,1.29816,1.30404,454783
2011.12.25,00:00,1.30610,1.30818,1.28570,1.29620,315003
2012.01.01,00:00,1.29371,1.30753,1.26962,1.27159,485505
2012.01.08,00:00,1.27008,1.28769,1.26246,1.26750,613032
2012.01.15,00:00,1.26452,1.29850,1.26248,1.29295,608668
2012.01.22,00:00,1.28855,1.32329,1.28750,1.32183,649014
2012.01.29,00:00,1.32243,1.32245,1.30247,1.31593,589964
2012.02.05,00:00,1.31251,1.33204,1.30264,1.31970,449875
2012.02.12,00:00,1.32053,1.32828,1.29732,1.31383,294435
2012.02.19,00:00,1.31775,1.34850,1.31722,1.34460,257434
2012.02.26,00:00,1.34623,1.34844,1.31858,1.31965,285039
2012.03.04,00:00,1.31912,1.32898,1.30950,1.31217,278989
2012.03.11,00:00,1.31170,1.31901,1.30027,1.31735,253645
2012.03.18,00:00,1.31732,1.32923,1.31326,1.32676,241348
2012.03.25,00:00,1.32695,1.33844,1.31907,1.33401,248308
2012.04.01,00:00,1.33600,1.33790,1.30339,1.30997,207285
2012.04.08,00:00,1.31015,1.32113,1.30327,1.30756,249249
2012.04.15,00:00,1.30643,1.32260,1.29935,1.32175,258638
2012.04.22,00:00,1.31820,1.32688,1.31033,1.32506,237760
2012.04.29,00:00,1.32390,1.32767,1.30790,1.30822,200978
2012.05.06,00:00,1.30189,1.30644,1.29037,1.29155,273431
2012.05.13,00:00,1.29004,1.29031,1.26409,1.27771,314581
2012.05.20,00:00,1.27680,1.28229,1.24949,1.25179,322432
2012.05.27,00:00,1.25658,1.26233,1.22868,1.24331,299117
2012.06.03,00:00,1.24138,1.26240,1.23847,1.25153,316369
2012.06.10,00:00,1.26362,1.26669,1.24411,1.26386,310252
2012.06.17,00:00,1.26998,1.27462,1.25181,1.25660,317631
2012.06.24,00:00,1.25450,1.26914,1.24061,1.26595,294099
2012.07.01,00:00,1.26730,1.26772,1.22589,1.22866,243245
2012.07.08,00:00,1.22655,1.23325,1.21609,1.22464,231438
2012.07.15,00:00,1.22697,1.23230,1.21428,1.21584,240810
2012.07.22,00:00,1.21236,1.23882,1.20406,1.23189,286558
2012.07.29,00:00,1.22981,1.24044,1.21325,1.23864,255238
2012.08.05,00:00,1.23965,1.24420,1.22401,1.22867,211908
2012.08.12,00:00,1.22895,1.23842,1.22546,1.23326,194759
2012.08.19,00:00,1.23370,1.25882,1.22939,1.25105,217728
2012.08.26,00:00,1.25116,1.26362,1.24641,1.25727,201627
2012.09.02,00:00,1.25695,1.28160,1.25003,1.28159,221514
2012.09.09,00:00,1.28075,1.31676,1.27533,1.31282,244763
2012.09.16,00:00,1.31195,1.31706,1.29180,1.29786,238545
2012.09.23,00:00,1.29818,1.29888,1.28276,1.28569,189244
2012.09.30,00:00,1.28434,1.30700,1.28023,1.30327,175022
2012.10.07,00:00,1.30235,1.30245,1.28242,1.29530,157152
2012.10.14,00:00,1.29523,1.31383,1.28893,1.30217,159689
2012.10.21,00:00,1.30200,1.30822,1.28810,1.29395,156244
2012.10.28,00:00,1.29420,1.30190,1.28200,1.28370,133397
2012.11.04,00:00,1.28160,1.28749,1.26886,1.27104,223269
2012.11.11,00:00,1.27110,1.28004,1.26601,1.27409,196789
2012.11.18,00:00,1.27479,1.29897,1.27348,1.29718,184790
2012.11.25,00:00,1.29667,1.30266,1.28787,1.29856,230115
2012.12.02,00:00,1.29823,1.31253,1.28748,1.29255,242084
2012.12.09,00:00,1.28890,1.31720,1.28844,1.31597,222578
2012.12.16,00:00,1.31729,1.33070,1.31426,1.31882,226666
2012.12.23,00:00,1.31810,1.32823,1.31645,1.32166,135167
2012.12.30,00:00,1.32088,1.32926,1.29960,1.30681,211251
2013.01.06,00:00,1.30730,1.33644,1.30155,1.33422,295275
2013.01.13,00:00,1.33587,1.34025,1.32553,1.33139,354346
2013.01.20,00:00,1.33120,1.34778,1.32631,1.34570,298607
2013.01.27,00:00,1.34616,1.37098,1.34128,1.36393,308965
2013.02.03,00:00,1.36525,1.36580,1.33518,1.33629,331149
2013.02.10,00:00,1.33662,1.35186,1.33050,1.33558,296503
2013.02.17,00:00,1.33482,1.34326,1.31438,1.31857,330069
2013.02.24,00:00,1.32155,1.33174,1.29652,1.30203,466222
2013.03.03,00:00,1.30120,1.31331,1.29536,1.30001,331203
2013.03.10,00:00,1.29990,1.31057,1.29098,1.30746,358629
2013.03.17,00:00,1.29090,1.30085,1.28423,1.29870,441003
2013.03.24,00:00,1.29662,1.30473,1.27496,1.28149,214216
2013.03.31,00:00,1.28048,1.30384,1.27442,1.29931,210019
2013.04.07,00:00,1.29706,1.31369,1.29669,1.31092,214988
2013.04.14,00:00,1.31083,1.32002,1.29998,1.30513,275284
2013.04.21,00:00,1.30670,1.30920,1.29532,1.30286,232766
2013.04.28,00:00,1.30460,1.32413,1.30305,1.31150,217279
2013.05.05,00:00,1.31200,1.31930,1.29340,1.29900,207007
2013.05.12,00:00,1.29695,1.30279,1.27951,1.28348,229994
2013.05.19,00:00,1.28410,1.29967,1.28180,1.29309,246754
2013.05.26,00:00,1.29320,1.30601,1.28364,1.29931,222282
2013.06.02,00:00,1.29921,1.33007,1.29541,1.32103,289676
2013.06.09,00:00,1.31965,1.33893,1.31765,1.33403,327754
2013.06.16,00:00,1.33439,1.34148,1.30977,1.31210,315068
2013.06.23,00:00,1.30965,1.31498,1.29839,1.30068,313985
2013.06.30,00:00,1.30105,1.30772,1.28052,1.28285,266532
2013.07.07,00:00,1.28165,1.32046,1.27544,1.30654,312969
2013.07.14,00:00,1.30721,1.31767,1.29924,1.31375,256808
2013.07.21,00:00,1.31355,1.32960,1.31332,1.32755,244696
2013.07.28,00:00,1.32835,1.33436,1.31848,1.32775,256702
2013.08.04,00:00,1.32770,1.33995,1.32319,1.33387,225098
2013.08.11,00:00,1.33172,1.33791,1.32048,1.33248,233652
2013.08.18,00:00,1.33305,1.34512,1.32974,1.33760,237833
2013.08.25,00:00,1.33808,1.33979,1.31727,1.32177,207793
2013.09.01,00:00,1.32100,1.32263,1.31039,1.31756,203211
2013.09.08,00:00,1.31617,1.33239,1.31601,1.32955,197573
2013.09.15,00:00,1.33567,1.35676,1.33245,1.35247,147534
2013.09.22,00:00,1.35443,1.35637,1.34610,1.35200,192981
2013.09.29,00:00,1.34914,1.36453,1.34756,1.35544,231084
2013.10.06,00:00,1.35612,1.36063,1.34845,1.35571,205921
2013.10.13,00:00,1.35578,1.37031,1.34721,1.36833,216593
2013.10.20,00:00,1.36813,1.38316,1.36503,1.38015,206543
2013.10.27,00:00,1.38047,1.38167,1.34793,1.34867,236461
2013.11.03,00:00,1.34836,1.35466,1.32937,1.33651,236720
2013.11.10,00:00,1.33552,1.35046,1.33439,1.34926,215260
2013.11.17,00:00,1.34947,1.35761,1.33985,1.35549,233533
2013.11.24,00:00,1.35479,1.36207,1.34894,1.35889,208759
2013.12.01,00:00,1.35859,1.37053,1.35234,1.37024,261377
2013.12.08,00:00,1.37095,1.38098,1.36932,1.37374,217020
2013.12.15,00:00,1.37266,1.38117,1.36245,1.36674,231407
2013.12.22,00:00,1.36683,1.38927,1.36541,1.37457,115885
2013.12.29,00:00,1.37557,1.38181,1.35812,1.35846,169718
2014.01.05,00:00,1.35895,1.36862,1.35475,1.36660,238593
2014.01.12,00:00,1.36707,1.36984,1.35162,1.35382,214285
2014.01.19,00:00,1.35347,1.37384,1.35067,1.36747,224634
2014.01.26,00:00,1.36757,1.37156,1.34782,1.34861,247892
2014.02.02,00:00,1.34839,1.36399,1.34762,1.36330,224432
2014.02.09,00:00,1.36148,1.37140,1.35614,1.36900,192140
2014.02.16,00:00,1.37036,1.37722,1.36824,1.37360,169203
2014.02.23,00:00,1.37296,1.38238,1.36423,1.37985,201741
2014.03.02,00:00,1.37561,1.39142,1.37065,1.38723,209434
2014.03.09,00:00,1.38715,1.39659,1.38330,1.39076,200543
2014.03.16,00:00,1.39108,1.39468,1.37484,1.37909,192586
2014.03.23,00:00,1.37934,1.38748,1.37037,1.37509,199011
2014.03.30,00:00,1.37602,1.38193,1.36718,1.37004,190219
2014.04.06,00:00,1.36963,1.39049,1.36941,1.38834,184291
2014.04.13,00:00,1.38485,1.38637,1.37895,1.38106,149387
2014.04.20,00:00,1.38103,1.38538,1.37843,1.38320,134569
2014.04.27,00:00,1.38401,1.38883,1.37712,1.38717,167693
2014.05.04,00:00,1.38809,1.39925,1.37443,1.37578,169549
2014.05.11,00:00,1.37508,1.37740,1.36476,1.36922,175436
2014.05.18,00:00,1.36921,1.37333,1.36149,1.36252,160268
2014.05.25,00:00,1.36130,1.36677,1.35853,1.36305,201731
2014.06.01,00:00,1.36323,1.36759,1.35021,1.36403,236571
2014.06.08,00:00,1.36406,1.36678,1.35116,1.35391,175272
2014.06.15,00:00,1.35369,1.36426,1.35123,1.35967,158193
2014.06.22,00:00,1.35898,1.36504,1.35733,1.36461,148720
2014.06.29,00:00,1.36418,1.36995,1.35847,1.35929,134598
2014.07.06,00:00,1.35921,1.36499,1.35752,1.36059,130263
2014.07.13,00:00,1.35997,1.36395,1.34901,1.35215,157243
2014.07.20,00:00,1.35258,1.35483,1.34205,1.34284,152198
2014.07.27,00:00,1.34286,1.34440,1.33661,1.34281,164751
2014.08.03,00:00,1.34292,1.34318,1.33324,1.34089,189292
2014.08.10,00:00,1.34048,1.34144,1.33352,1.33970,168520
2014.08.17,00:00,1.33903,1.33984,1.32198,1.32395,175231
2014.08.24,00:00,1.31954,1.32198,1.31289,1.31291,177985
2014.08.31,00:00,1.31246,1.31591,1.29192,1.29503,196950
2014.09.07,00:00,1.29522,1.29782,1.28586,1.29617,247628
2014.09.14,00:00,1.29685,1.29942,1.28262,1.28264,259083
2014.09.21,00:00,1.28299,1.29002,1.26759,1.26807,240893
2014.09.28,00:00,1.26789,1.27141,1.24997,1.25125,289952
2014.10.05,00:00,1.25106,1.27905,1.25080,1.26245,348930
2014.10.12,00:00,1.26272,1.28851,1.26180,1.27558,377448
2014.10.19,00:00,1.27506,1.28393,1.26131,1.26678,310138
2014.10.26,00:00,1.26737,1.27696,1.24852,1.25213,351722
2014.11.02,00:00,1.25060,1.25764,1.23566,1.24511,435298
2014.11.09,00:00,1.24670,1.25454,1.23934,1.25220,369145
2014.11.16,00:00,1.25294,1.25982,1.23740,1.23849,382812
2014.11.23,00:00,1.23621,1.25304,1.23613,1.24485,301756
2014.11.30,00:00,1.24509,1.25057,1.22699,1.22826,345471
2014.12.07,00:00,1.22838,1.24940,1.22464,1.24582,390108
2014.12.14,00:00,1.24679,1.25690,1.22192,1.22250,410273
2014.12.21,00:00,1.22214,1.22716,1.21638,1.21751,154486
2014.12.28,00:00,1.21772,1.22199,1.19984,1.19991,195012
2015.01.04,00:00,1.19395,1.19755,1.17532,1.18387,383075
2015.01.11,00:00,1.18455,1.18699,1.14588,1.15590,448959
2015.01.18,00:00,1.15535,1.16784,1.11132,1.12013,425483
2015.01.25,00:00,1.11473,1.14216,1.10965,1.12835,409626
2015.02.01,00:00,1.13127,1.15328,1.12914,1.13112,373415
2015.02.08,00:00,1.12982,1.14420,1.12693,1.13875,327184
2015.02.15,00:00,1.13987,1.14491,1.12780,1.13763,314146
2015.02.22,00:00,1.13910,1.13930,1.11754,1.11924,313641
2015.03.01,00:00,1.11778,1.12397,1.08376,1.08395,328546
2015.03.08,00:00,1.08324,1.09056,1.04614,1.04938,425305
2015.03.15,00:00,1.04859,1.10320,1.04784,1.08173,437695
2015.03.22,00:00,1.08642,1.10510,1.07664,1.08871,428859
2015.03.29,00:00,1.08837,1.10258,1.07122,1.09715,341809
2015.04.05,00:00,1.10018,1.10345,1.05668,1.05990,342440
2015.04.12,00:00,1.05849,1.08477,1.05194,1.08074,424008
2015.04.19,00:00,1.08073,1.08991,1.06589,1.08647,373746
2015.04.26,00:00,1.08648,1.12890,1.08183,1.11874,411465
2015.05.03,00:00,1.11873,1.13909,1.10654,1.11949,411730
2015.05.10,00:00,1.11949,1.14658,1.11298,1.14432,384225
2015.05.17,00:00,1.14431,1.14460,1.09631,1.09903,395561
2015.05.24,00:00,1.09902,1.10068,1.08184,1.09563,361136
2015.05.31,00:00,1.09564,1.13789,1.08863,1.11012,429988
2015.06.07,00:00,1.11013,1.13856,1.10832,1.12233,424307
2015.06.14,00:00,1.12230,1.14353,1.11883,1.13603,354615
2015.06.21,00:00,1.13602,1.14094,1.09526,1.09735,352281
2015.06.28,00:00,1.09735,1.12770,1.09675,1.09935,373719
2015.07.05,00:00,1.09936,1.12148,1.09155,1.11282,398661
2015.07.12,00:00,1.11282,1.11958,1.08246,1.08291,339862
2015.07.19,00:00,1.08290,1.10170,1.08073,1.09711,320834
2015.07.26,00:00,1.09711,1.11282,1.08924,1.09665,339521
2015.08.02,00:00,1.09666,1.09951,1.08472,1.09572,323150
2015.08.09,00:00,1.09572,1.12126,1.09245,1.10912,345727
2015.08.16,00:00,1.10931,1.13944,1.10166,1.13753,486780
2015.08.23,00:00,1.13753,1.17131,1.11552,1.12103,1228518
2015.08.30,00:00,1.12102,1.13314,1.10865,1.11534,803862
2015.09.06,00:00,1.11534,1.13587,1.11206,1.13412,703523
2015.09.13,00:00,1.13411,1.14597,1.12133,1.12899,735205
2015.09.20,00:00,1.12898,1.13295,1.11044,1.11986,817438
2015.09.27,00:00,1.11980,1.13178,1.11344,1.12186,863028
2015.10.04,00:00,1.12185,1.13864,1.11714,1.13669,852207
2015.10.11,00:00,1.13669,1.14946,1.13338,1.13573,750923
2015.10.18,00:00,1.13572,1.13865,1.09959,1.10180,766568
2015.10.25,00:00,1.10179,1.10950,1.08963,1.10219,838977
2015.11.01,00:00,1.10219,1.10521,1.07066,1.07286,780269
2015.11.08,00:00,1.07286,1.08295,1.06737,1.06997,879369
2015.11.15,00:00,1.06997,1.07624,1.06163,1.06366,823572
2015.11.22,00:00,1.06366,1.06886,1.05652,1.05823,755329
2015.11.29,00:00,1.05824,1.09806,1.05229,1.08805,974700
2015.12.06,00:00,1.08805,1.10422,1.07955,1.09798,914471
2015.12.13,00:00,1.09800,1.10588,1.08018,1.08685,400822
2015.12.20,00:00,1.08688,1.09832,1.08471,1.09630,204534
2015.12.27,00:00,1.09629,1.09918,1.08445,1.08510,166244
2016.01.03,00:00,1.08510,1.09688,1.07099,1.09364,394662
2016.01.10,00:00,1.09365,1.09838,1.08041,1.09172,420287
2016.01.17,00:00,1.09170,1.09750,1.07767,1.07962,580972
2016.01.24,00:00,1.07961,1.09670,1.07891,1.08246,886866
2016.01.31,00:00,1.08247,1.12493,1.08236,1.11428,921400
2016.02.07,00:00,1.11429,1.13757,1.10858,1.12224,1113774
2016.02.14,00:00,1.12221,1.12381,1.10660,1.11213,414697
2016.02.21,00:00,1.11211,1.11229,1.09108,1.09236,386163
2016.02.28,00:00,1.09234,1.10425,1.08247,1.09905,356312
2016.03.06,00:00,1.09905,1.12170,1.08214,1.11638,372168
2016.03.13,00:00,1.11641,1.13415,1.10570,1.12735,343565
2016.03.20,00:00,1.12736,1.12838,1.11432,1.11562,248941
2016.03.27,00:00,1.11561,1.14371,1.11520,1.13937,315336
2016.04.03,00:00,1.13940,1.14532,1.13259,1.14038,332980
2016.04.10,00:00,1.14034,1.14639,1.12330,1.12967,309184
2016.04.17,00:00,1.12971,1.13968,1.12160,1.12304,307904
2016.04.24,00:00,1.12302,1.14646,1.12224,1.14598,330343
2016.05.01,00:00,1.14597,1.16153,1.13831,1.13845,313358
2016.05.08,00:00,1.13842,1.14457,1.12822,1.13165,268920
2016.05.15,00:00,1.13162,1.13474,1.11792,1.12194,260767
2016.05.22,00:00,1.12188,1.12421,1.11059,1.11073,259164
2016.05.29,00:00,1.11072,1.13724,1.10971,1.13502,292871
2016.06.05,00:00,1.13498,1.14145,1.12327,1.12373,293556
2016.06.12,00:00,1.12372,1.13571,1.11301,1.13460,348209
2016.06.19,00:00,1.13459,1.14261,1.09100,1.10380,401973
2016.06.26,00:00,1.10381,1.11686,1.09697,1.11264,390143
2016.07.03,00:00,1.11265,1.11848,1.10009,1.10430,280704
2016.07.10,00:00,1.10431,1.11640,1.10147,1.10549,319654
2016.07.17,00:00,1.10551,1.10834,1.09545,1.09676,281066
2016.07.24,00:00,1.09675,1.11966,1.09511,1.11661,292780
2016.07.31,00:00,1.11664,1.12329,1.10449,1.10859,250231
2016.08.07,00:00,1.10857,1.12206,1.10696,1.11634,215944
2016.08.14,00:00,1.11635,1.13655,1.11528,1.12970,264673
2016.08.21,00:00,1.12969,1.13545,1.11782,1.11966,259088
2016.08.28,00:00,1.11966,1.12514,1.11224,1.11573,273401
2016.09.04,00:00,1.11576,1.13263,1.11386,1.12396,283991
2016.09.11,00:00,1.12394,1.12830,1.11488,1.11568,310221
2016.09.18,00:00,1.11568,1.12565,1.11222,1.12366,307557
2016.09.25,00:00,1.12367,1.12784,1.11525,1.12320,319944
2016.10.02,00:00,1.12321,1.12408,1.11034,1.11938,314592
2016.10.09,00:00,1.11937,1.11997,1.09645,1.09647,326479
2016.10.16,00:00,1.09648,1.10384,1.08585,1.08793,276715
2016.10.23,00:00,1.08790,1.09909,1.08502,1.09814,297639
2016.10.30,00:00,1.09814,1.11401,1.09350,1.10936,312146
2016.11.06,00:00,1.10935,1.12988,1.08183,1.08216,452544
2016.11.13,00:00,1.08215,1.08249,1.05685,1.05823,442653
2016.11.20,00:00,1.05823,1.06571,1.05173,1.06084,389412
2016.11.27,00:00,1.06082,1.06891,1.05039,1.05664,426092
2016.12.04,00:00,1.05662,1.08727,1.05303,1.05450,388635
2016.12.11,00:00,1.05450,1.06692,1.03657,1.04457,413146
2016.12.18,00:00,1.04456,1.04986,1.03513,1.04520,309844
2016.12.25,00:00,1.04529,1.06520,1.03714,1.05193,244663
2017.01.01,00:00,1.05189,1.06198,1.03395,1.05310,377122
2017.01.08,00:00,1.05308,1.06840,1.04529,1.06264,450611
2017.01.15,00:00,1.06265,1.07182,1.05789,1.07117,446247
2017.01.22,00:00,1.07117,1.07740,1.06568,1.07161,406957
2017.01.29,00:00,1.07162,1.08280,1.06194,1.07816,399748
2017.02.05,00:00,1.07816,1.07879,1.06068,1.06179,362175
2017.02.12,00:00,1.06178,1.06786,1.05207,1.06242,340491
2017.02.19,00:00,1.06242,1.06292,1.04930,1.05512,316422
2017.02.26,00:00,1.05513,1.06297,1.04941,1.06201,342390
2017.03.05,00:00,1.06201,1.06984,1.05243,1.06888,312335
2017.03.12,00:00,1.06887,1.07816,1.05992,1.07393,315812
2017.03.19,00:00,1.07413,1.08486,1.07183,1.08444,303451
2017.03.26,00:00,1.08446,1.09052,1.06484,1.06682,275489
2017.04.02,00:00,1.06683,1.06881,1.05726,1.05795,253613
2017.04.09,00:00,1.05796,1.06768,1.05690,1.06089,211060
2017.04.16,00:00,1.06090,1.09179,1.06076,1.08724,221440
2017.04.23,00:00,1.08725,1.09498,1.08200,1.09047,276539
2017.04.30,00:00,1.09048,1.10209,1.08740,1.09639,228589
2017.05.07,00:00,1.09638,1.09959,1.08384,1.09271,256463
2017.05.14,00:00,1.09270,1.12110,1.09218,1.12024,309527
2017.05.21,00:00,1.12023,1.12672,1.11597,1.11751,287154
2017.05.28,00:00,1.11748,1.12842,1.11087,1.12764,250045
2017.06.04,00:00,1.12767,1.12830,1.11655,1.12008,274260
2017.06.11,00:00,1.12007,1.12948,1.11312,1.12030,275828
2017.06.18,00:00,1.12030,1.12120,1.11180,1.11990,236882
2017.06.25,00:00,1.11986,1.14445,1.11710,1.14223,309101
2017.07.02,00:00,1.14229,1.14391,1.13114,1.14024,269101
2017.07.09,00:00,1.14024,1.14887,1.13696,1.14730,286558
2017.07.16,00:00,1.14729,1.16820,1.14339,1.16805,315146
2017.07.23,00:00,1.16805,1.17761,1.16118,1.17461,337940
2017.07.30,00:00,1.17461,1.19096,1.17225,1.17763,314861
2017.08.06,00:00,1.17761,1.18462,1.16882,1.18243,302601
2017.08.13,00:00,1.18243,1.18376,1.16615,1.17556,309748
2017.08.20,00:00,1.17555,1.19587,1.17303,1.19504,243502
2017.08.27,00:00,1.19504,1.20695,1.18224,1.18812,296315
2017.09.03,00:00,1.18809,1.20915,1.18675,1.20163,294034
2017.09.10,00:00,1.20160,1.20288,1.18368,1.19369,294284
2017.09.17,00:00,1.19370,1.20308,1.18607,1.19261,299387
2017.09.24,00:00,1.19259,1.19359,1.17164,1.18078,309332
2017.10.01,00:00,1.18073,1.18078,1.16687,1.17416,279845
2017.10.08,00:00,1.17416,1.18789,1.17188,1.18141,248850
2017.10.15,00:00,1.18141,1.18574,1.17295,1.17536,278829
2017.10.22,00:00,1.17543,1.18361,1.15737,1.16049,296807
2017.10.29,00:00,1.16050,1.16895,1.15968,1.16141,257826
2017.11.05,00:00,1.16143,1.16772,1.15535,1.16603,239641
2017.11.12,00:00,1.16603,1.18595,1.16367,1.17336,248662
2017.11.19,00:00,1.17337,1.19436,1.17126,1.19267,219801
2017.11.26,00:00,1.19269,1.19605,1.18083,1.18557,303232
2017.12.03,00:00,1.18558,1.18779,1.17294,1.17669,257627
2017.12.10,00:00,1.17668,1.18619,1.17175,1.17426,236411
2017.12.17,00:00,1.17428,1.19010,1.17417,1.18578,228094
2017.12.24,00:00,1.18708,1.20248,1.18460,1.19976,135171
2017.12.31,00:00,1.20051,1.20884,1.20006,1.20364,178419
2018.01.07,00:00,1.20365,1.22179,1.19152,1.21913,280392
2018.01.14,00:00,1.21913,1.23221,1.21644,1.22553,327850
2018.01.21,00:00,1.22552,1.25365,1.22134,1.24305,339933
2018.01.28,00:00,1.24298,1.25214,1.23344,1.24454,358679
2018.02.04,00:00,1.24456,1.24742,1.22049,1.22516,408245
2018.02.11,00:00,1.22517,1.25546,1.22345,1.24111,320021
2018.02.18,00:00,1.24109,1.24345,1.22591,1.22876,289907
2018.02.25,00:00,1.22877,1.23635,1.21541,1.23172,312387
2018.03.04,00:00,1.23170,1.24454,1.22682,1.23077,291090
2018.03.11,00:00,1.23078,1.24118,1.22595,1.22802,246304
2018.03.18,00:00,1.22801,1.23872,1.22392,1.23537,284635
2018.03.25,00:00,1.23536,1.24756,1.22832,1.23126,246994
2018.04.01,00:00,1.23122,1.23442,1.22144,1.22704,242592
2018.04.08,00:00,1.22704,1.23954,1.22597,1.23316,263956
2018.04.15,00:00,1.23321,1.24130,1.22493,1.22727,239407
2018.04.22,00:00,1.22727,1.22888,1.20547,1.21215,255669
2018.04.29,00:00,1.21213,1.21381,1.19098,1.19544,269282
2018.05.06,00:00,1.19536,1.19774,1.18221,1.19506,260075
2018.05.13,00:00,1.19507,1.19954,1.17492,1.17653,289579
2018.05.20,00:00,1.17631,1.18291,1.16449,1.16873,302366
2018.05.27,00:00,1.16864,1.17277,1.15094,1.16676,323384
2018.06.03,00:00,1.16679,1.18392,1.16520,1.17847,290809
2018.06.10,00:00,1.17829,1.18510,1.15427,1.15927,276137
2018.06.17,00:00,1.15927,1.16742,1.15078,1.16603,285552
2018.06.24,00:00,1.16598,1.17195,1.15265,1.16771,315669
2018.07.01,00:00,1.16770,1.17667,1.15906,1.17506,261734
2018.07.08,00:00,1.17504,1.17901,1.16123,1.16778,266376
2018.07.15,00:00,1.16783,1.17449,1.15743,1.17414,294392
2018.07.22,00:00,1.17411,1.17499,1.16198,1.16589,265331
2018.07.29,00:00,1.16590,1.17452,1.15595,1.15613,182131
2018.08.05,00:00,1.15599,1.16276,1.13722,1.13925,186475
2018.08.12,00:00,1.13959,1.14441,1.13004,1.14367,218983
2018.08.19,00:00,1.14369,1.16526,1.13938,1.16468,198332
2018.08.26,00:00,1.16435,1.17327,1.15840,1.15981,205967
2018.09.02,00:00,1.15974,1.16587,1.15296,1.15596,196860
2018.09.09,00:00,1.15577,1.17210,1.15257,1.16259,177477
2018.09.16,00:00,1.16224,1.18022,1.16175,1.17490,188365
2018.09.23,00:00,1.17484,1.18146,1.15695,1.16047,204496
2018.09.30,00:00,1.16046,1.16237,1.14629,1.15221,220300
2018.10.07,00:00,1.15246,1.16099,1.14317,1.15500,244311
2018.10.14,00:00,1.15496,1.16208,1.14326,1.15086,243378
2018.10.21,00:00,1.15111,1.15494,1.13351,1.13982,254019
2018.10.28,00:00,1.13978,1.14552,1.13016,1.13966,226368
2018.11.04,00:00,1.13963,1.14991,1.13136,1.13235,250257
2018.11.11,00:00,1.13219,1.14207,1.12151,1.14139,286548
2018.11.18,00:00,1.14085,1.14718,1.13274,1.13365,210028
2018.11.25,00:00,1.13384,1.14012,1.12666,1.13417,224523
2018.12.02,00:00,1.13407,1.14230,1.13105,1.13990,243148
2018.12.09,00:00,1.14027,1.14422,1.12694,1.13048,254148
2018.12.16,00:00,1.13058,1.14852,1.13026,1.13728,258530
2018.12.23,00:00,1.13712,1.14722,1.13424,1.14389,194207
2018.12.30,00:00,1.14387,1.14962,1.13087,1.14099,221333
2019.01.06,00:00,1.14097,1.15692,1.14042,1.14594,223273
2019.01.13,00:00,1.14622,1.14891,1.13527,1.13646,213411
2019.01.20,00:00,1.13645,1.14169,1.12888,1.14122,202991
2019.01.27,00:00,1.14123,1.15137,1.13896,1.14539,216019
2019.02.03,00:00,1.14540,1.14598,1.13139,1.13234,175114
2019.02.10,00:00,1.13235,1.13409,1.12336,1.12945,167473
2019.02.17,00:00,1.12943,1.13706,1.12750,1.13417,171570
2019.02.24,00:00,1.13411,1.14190,1.13361,1.13744,185297
2019.03.03,00:00,1.13745,1.13745,1.11759,1.12310,174341
2019.03.10,00:00,1.12311,1.13437,1.12212,1.13188,180110
2019.03.17,00:00,1.13189,1.14475,1.12728,1.12950,177023
2019.03.24,00:00,1.12951,1.13307,1.12092,1.12227,210818
2019.03.31,00:00,1.12226,1.12540,1.11831,1.12177,177594
2019.04.07,00:00,1.12176,1.13233,1.12143,1.13024,153619
2019.04.14,00:00,1.13027,1.13231,1.12256,1.12436,139152
2019.04.21,00:00,1.12437,1.12614,1.11115,1.11487,145038
2019.04.28,00:00,1.11485,1.12641,1.11345,1.11842,148303
2019.05.05,00:00,1.11841,1.12530,1.11663,1.12352,179765
2019.05.12,00:00,1.12351,1.12630,1.11547,1.11642,152665
2019.05.19,00:00,1.11641,1.12115,1.11069,1.12062,140619
2019.05.26,00:00,1.12059,1.12146,1.11155,1.11731,144945
2019.06.02,00:00,1.11727,1.13471,1.11596,1.13185,194205
2019.06.09,00:00,1.13186,1.13429,1.12020,1.12151,170536
2019.06.16,00:00,1.12150,1.13846,1.11808,1.13846,207593
2019.06.23,00:00,1.13845,1.14114,1.13438,1.13596,209570
2019.06.30,00:00,1.13597,1.13634,1.12069,1.12262,164635
2019.07.07,00:00,1.12261,1.12852,1.11929,1.12705,159980
2019.07.14,00:00,1.12707,1.12834,1.11992,1.12171,164894
2019.07.21,00:00,1.12172,1.12246,1.11008,1.11290,155384
2019.07.28,00:00,1.11289,1.11614,1.10264,1.11073,208721
2019.08.04,00:00,1.11070,1.12491,1.11060,1.12069,229057
2019.08.11,00:00,1.12068,1.12302,1.10658,1.10915,200405
2019.08.18,00:00,1.10913,1.11634,1.10512,1.11428,156008
2019.08.25,00:00,1.11429,1.11523,1.09627,1.09900,177544
2019.09.01,00:00,1.09897,1.10841,1.09257,1.10198,167843
2019.09.08,00:00,1.10197,1.11088,1.09265,1.10826,167409
2019.09.15,00:00,1.10825,1.10839,1.09897,1.10180,178204
2019.09.22,00:00,1.10182,1.10249,1.09044,1.09417,172779
2019.09.29,00:00,1.09415,1.09986,1.08786,1.09829,179537
2019.10.06,00:00,1.09828,1.10622,1.09404,1.10276,185213
2019.10.13,00:00,1.10275,1.11697,1.09908,1.11554,179591
2019.10.20,00:00,1.11553,1.11787,1.10724,1.10834,141335
2019.10.27,00:00,1.10835,1.11751,1.10730,1.11656,148064
2019.11.03,00:00,1.11657,1.11748,1.10160,1.10214,154586
2019.11.10,00:00,1.10215,1.10562,1.09885,1.10534,130606
2019.11.17,00:00,1.10533,1.10963,1.10139,1.10220,124165
2019.11.24,00:00,1.10221,1.10314,1.09806,1.10177,111491
2019.12.01,00:00,1.10176,1.11156,1.10024,1.10578,124479
2019.12.08,00:00,1.10577,1.11988,1.10528,1.11237,145249
2019.12.15,00:00,1.11236,1.11740,1.10658,1.10797,124834
2019.12.22,00:00,1.10794,1.11878,1.10685,1.11807,77531
2019.12.29,00:00,1.11806,1.12386,1.11243,1.11600,108829
2020.01.05,00:00,1.11597,1.12050,1.10845,1.11157,142551
2020.01.12,00:00,1.11156,1.11722,1.10857,1.10939,118223
2020.01.19,00:00,1.10940,1.11174,1.10192,1.10240,120808
2020.01.26,00:00,1.10241,1.10947,1.09917,1.10886,124123
2020.02.02,00:00,1.10882,1.10882,1.09415,1.09487,129027
2020.02.09,00:00,1.09486,1.09568,1.08267,1.08407,114172
2020.02.16,00:00,1.08406,1.08630,1.07772,1.08380,125501
2020.02.23,00:00,1.08381,1.10734,1.08044,1.10511,240410
2020.03.01,00:00,1.10512,1.13956,1.10358,1.13872,301480
2020.03.08,00:00,1.13867,1.14939,1.10547,1.11535,482558
2020.03.15,00:00,1.11529,1.12360,1.06357,1.06884,579509
2020.03.22,00:00,1.06879,1.11460,1.06574,1.11358,470506
2020.03.29,00:00,1.11358,1.11379,1.07724,1.08050,342741
2020.04.05,00:00,1.08051,1.09521,1.07679,1.09311,249377
2020.04.12,00:00,1.09309,1.09899,1.08115,1.08631,219580
2020.04.19,00:00,1.08629,1.08960,1.07265,1.08203,229752
2020.04.26,00:00,1.08205,1.10173,1.08093,1.09602,222770
2020.05.03,00:00,1.09603,1.09605,1.07659,1.08372,208655
2020.05.10,00:00,1.08371,1.08959,1.07744,1.08182,211774
2020.05.17,00:00,1.08180,1.10078,1.07994,1.09074,178758
2020.05.24,00:00,1.09075,1.11444,1.08702,1.11152,212640
2020.05.31,00:00,1.11151,1.13831,1.11000,1.13155,260114
2020.06.07,00:00,1.13154,1.14217,1.12122,1.12511,285171
2020.06.14,00:00,1.12514,1.13526,1.11677,1.11762,270422
2020.06.21,00:00,1.11761,1.13478,1.11734,1.12214,226777
2020.06.28,00:00,1.12216,1.13021,1.11845,1.12461,206366
2020.07.05,00:00,1.12462,1.13699,1.12461,1.13082,211902
2020.07.12,00:00,1.13081,1.14515,1.13003,1.14415,218847
2020.07.19,00:00,1.14416,1.16574,1.14021,1.16492,266207
2020.07.26,00:00,1.16493,1.19081,1.16490,1.17807,295730
2020.08.02,00:00,1.17805,1.19153,1.16953,1.17806,288878
2020.08.09,00:00,1.17807,1.18636,1.17106,1.18515,269093
2020.08.16,00:00,1.18512,1.19651,1.17537,1.17977,273831
2020.08.23,00:00,1.17978,1.19197,1.17621,1.19167,278929
2020.08.30,00:00,1.19166,1.20105,1.17805,1.18336,287178
2020.09.06,00:00,1.18338,1.19168,1.17523,1.18401,243905
2020.09.13,00:00,1.18398,1.18995,1.17370,1.18451,232493
2020.09.20,00:00,1.18450,1.18711,1.16119,1.16338,270409
2020.09.27,00:00,1.16337,1.17691,1.16145,1.17192,265961
2020.10.04,00:00,1.17193,1.18301,1.17172,1.18152,207443
2020.10.11,00:00,1.18148,1.18262,1.16880,1.17150,185908
2020.10.18,00:00,1.17148,1.18802,1.17026,1.18475,184362
2020.10.25,00:00,1.18472,1.18500,1.16379,1.16411,201163
2020.11.01,00:00,1.16410,1.18944,1.16026,1.18920,254548
2020.11.08,00:00,1.18921,1.19192,1.17450,1.18442,231172
2020.11.15,00:00,1.18445,1.18931,1.18137,1.18650,175054
2020.11.22,00:00,1.18649,1.19733,1.17997,1.19715,164860
2020.11.29,00:00,1.19716,1.21769,1.19233,1.21196,203666
2020.12.06,00:00,1.21195,1.21656,1.20586,1.21326,208112
2020.12.13,00:00,1.21325,1.22722,1.21151,1.22113,182068
2020.12.20,00:00,1.22112,1.22563,1.21293,1.22035,158436
2020.12.27,00:00,1.22044,1.23093,1.21806,1.22495,148075
2021.01.03,00:00,1.22494,1.23488,1.21818,1.21865,264475
2021.01.10,00:00,1.21862,1.22223,1.20656,1.20658,224434
2021.01.17,00:00,1.20656,1.21890,1.20529,1.21665,196284
2021.01.24,00:00,1.21668,1.21828,1.20579,1.21222,243355
2021.01.31,00:00,1.21219,1.21360,1.19518,1.20479,198213
2021.02.07,00:00,1.20485,1.21485,1.20192,1.21199,158312
2021.02.14,00:00,1.21202,1.21688,1.20227,1.21242,170469
2021.02.21,00:00,1.21244,1.22422,1.20617,1.20899,256537
2021.02.28,00:00,1.20901,1.21125,1.18929,1.19257,256742
2021.03.07,00:00,1.19256,1.19893,1.18351,1.19496,227494
2021.03.14,00:00,1.19495,1.19883,1.18719,1.18831,189105
2021.03.21,00:00,1.18833,1.19462,1.17612,1.17870,173675
2021.03.28,00:00,1.17869,1.17933,1.17035,1.17672,135720
2021.04.04,00:00,1.17669,1.19268,1.17372,1.18954,133141
2021.04.11,00:00,1.18953,1.19940,1.18706,1.19684,149125
2021.04.18,00:00,1.19683,1.20994,1.19420,1.20890,165974
2021.04.25,00:00,1.20894,1.21495,1.20161,1.20266,159040
2021.05.02,00:00,1.20267,1.21764,1.19856,1.21700,158250
2021.05.09,00:00,1.21696,1.21810,1.20509,1.21493,189040
2021.05.16,00:00,1.21490,1.22447,1.21255,1.21801,170557
2021.05.23,00:00,1.21800,1.22659,1.21321,1.21888,160389
2021.05.30,00:00,1.21892,1.22539,1.21034,1.21661,140984
2021.06.06,00:00,1.21659,1.22174,1.20920,1.21092,128860
2021.06.13,00:00,1.21093,1.21467,1.18468,1.18699,169561
2021.06.20,00:00,1.18697,1.19747,1.18472,1.19410,161411
2021.06.27,00:00,1.19408,1.19439,1.18068,1.18552,154352
2021.07.04,00:00,1.18553,1.18945,1.17809,1.18719,170141
2021.07.11,00:00,1.18718,1.18795,1.17714,1.18119,165168
2021.07.18,00:00,1.18120,1.18298,1.17514,1.17725,171359
2021.07.25,00:00,1.17726,1.19081,1.17628,1.18658,151933
2021.08.01,00:00,1.18655,1.18992,1.17419,1.17470,131445
2021.08.08,00:00,1.17475,1.18041,1.17055,1.17937,108009
2021.08.15,00:00,1.17936,1.18003,1.16633,1.16963,130885
2021.08.22,00:00,1.16964,1.18018,1.16945,1.17977,122867
2021.08.29,00:00,1.17976,1.19085,1.17822,1.18849,123583
2021.09.05,00:00,1.18851,1.18852,1.18015,1.18110,128706
2021.09.12,00:00,1.18111,1.18452,1.17228,1.17288,139427
2021.09.19,00:00,1.17286,1.17551,1.16830,1.17221,152609
2021.09.26,00:00,1.17222,1.17246,1.15620,1.16061,177133
2021.10.03,00:00,1.16060,1.16393,1.15286,1.15649,126445
2021.10.10,00:00,1.15650,1.16238,1.15238,1.15959,125348
2021.10.17,00:00,1.15960,1.16688,1.15712,1.16386,147110
2021.10.24,00:00,1.16388,1.16916,1.15346,1.15557,167315
2021.10.31,00:00,1.15559,1.16160,1.15128,1.15677,166794
2021.11.07,00:00,1.15675,1.16081,1.14323,1.14407,158993
2021.11.14,00:00,1.14406,1.14634,1.12495,1.12748,178193
2021.11.21,00:00,1.12747,1.13297,1.11855,1.12920,206303
2021.11.28,00:00,1.13041,1.13821,1.12491,1.13035,349093
2021.12.05,00:00,1.13034,1.13542,1.12270,1.13102,158415
2021.12.12,00:00,1.13098,1.13598,1.12210,1.12424,159486
2021.12.19,00:00,1.12422,1.13430,1.12359,1.13228,142975
2021.12.26,00:00,1.13227,1.13857,1.12731,1.13723,109369
2022.01.02,00:00,1.13727,1.13750,1.12716,1.13530,162486
2022.01.09,00:00,1.13529,1.14822,1.12843,1.14108,170245
2022.01.16,00:00,1.14109,1.14338,1.13003,1.13407,173938
2022.01.23,00:00,1.13406,1.13406,1.11209,1.11514,197739
2022.01.30,00:00,1.11516,1.14833,1.11436,1.14539,191840
2022.02.06,00:00,1.14542,1.14942,1.13293,1.13640,207814
2022.02.13,00:00,1.13639,1.13953,1.12795,1.13159,285206
2022.02.20,00:00,1.13162,1.13902,1.11059,1.11798,361061
2022.02.27,00:00,1.11799,1.12458,1.08633,1.08732,426045
2022.03.06,00:00,1.08731,1.11207,1.08055,1.09312,487439
2022.03.13,00:00,1.09311,1.11369,1.09000,1.10419,363700
2022.03.20,00:00,1.10418,1.10696,1.09604,1.09808,276504
2022.03.27,00:00,1.09809,1.11843,1.09442,1.10450,332641
2022.04.03,00:00,1.10454,1.10538,1.08358,1.08839,245874
2022.04.10,00:00,1.08837,1.09327,1.07570,1.08135,286992
2022.04.17,00:00,1.08134,1.09357,1.07605,1.08087,269107
2022.04.24,00:00,1.08088,1.08115,1.04707,1.05344,392024
2022.05.01,00:00,1.05342,1.06412,1.04822,1.05316,346978
2022.05.08,00:00,1.05314,1.05919,1.03489,1.03973,356145
2022.05.15,00:00,1.03982,1.06065,1.03886,1.05684,273101
2022.05.22,00:00,1.05683,1.07646,1.05674,1.07287,253849
2022.05.29,00:00,1.07288,1.07864,1.06267,1.07248,223102
2022.06.05,00:00,1.07251,1.07735,1.04861,1.04902,258794
2022.06.12,00:00,1.04901,1.06007,1.03587,1.04894,454658
2022.06.19,00:00,1.04895,1.06050,1.04683,1.05658,317897
2022.06.26,00:00,1.05659,1.06143,1.03652,1.04320,341031
2022.07.03,00:00,1.04317,1.04622,1.00714,1.01667,360607
2022.07.10,00:00,1.01669,1.01671,0.99516,1.00969,402569
2022.07.17,00:00,1.00972,1.02777,1.00807,1.01987,407707
2022.07.24,00:00,1.01988,1.02572,1.00961,1.02099,394337
2022.07.31,00:00,1.02100,1.02934,1.01220,1.01716,385288
2022.08.07,00:00,1.01719,1.03682,1.01587,1.02528,301212
2022.08.14,00:00,1.02527,1.02678,1.00295,1.00356,287275
2022.08.21,00:00,1.00355,1.00893,0.98999,0.99354,333540
2022.08.28,00:00,0.99357,1.00787,0.99025,0.99072,365438
2022.09.04,00:00,0.99070,1.01127,0.98634,1.00698,369522
2022.09.11,00:00,1.00699,1.01973,0.99445,1.00215,341961
2022.09.18,00:00,1.00217,1.00500,0.96662,0.96850,419269
2022.09.25,00:00,0.96845,0.97009,0.95433,0.95540,250794
